A,Network Connectivity,Intermittent network connectivity issues,2023-08-01 09:12:00
A,Security Breach,Unusual login attempts on Server A admin account,2023-08-02 15:30:10
A,Performance Degradation,High CPU usage causing slowness on Server A,2023-08-04 14:20:05
A,Backup Job Error,Backup job failed to complete on Server A,2023-08-07 16:40:50
A,Service Unavailability,One of the critical services not responding on Server A,2023-08-10 17:35:22
A,Email Delivery Issue,Emails not being delivered from Server A,2023-08-12 11:30:16
A,Security Alert,Security breach detected in the logs on Server A,2023-08-14 09:02:10
A,Service Restart,A critical service on Server A required a restart,2023-08-16 08:12:22
A,Backup Restoration,Data restoration from backup encountered errors on Server A,2023-08-18 13:25:42
A,Application Update,New application update causing compatibility issues on Server A,2023-08-20 10:18:20
A,Database Backup Failure,Scheduled database backup failed on Server A,2023-08-22 12:48:33
A,Performance Bottleneck,Identified performance bottleneck on the web server on Server A,2023-08-24 09:08:46
A,Data Integrity,Data integrity check failed on Server A,2023-08-26 10:11:20
A,Service Outage,Service outage affecting multiple users on Server A,2023-08-28 18:30:22
A,Database Connection,Issues establishing connections to the database on Server A,2023-08-30 11:55:11
A,Email Attachment Issue,Unable to send or receive emails with attachments on Server A,2023-09-01 16:20:55
A,Backup Verification,Data backup verification process failed on Server A,2023-09-03 14:48:23
A,Database Replication,Replication issues detected in the database cluster on Server A,2023-09-07 15:55:18
A,Data Restoration,Restoring data from a recent backup after data loss on Server A,2023-09-09 17:10:30
A,Hardware Replacement,Replacing a faulty network card on Server A,2023-09-13 15:40:48
A,Application Integration,Integrating third-party application with Server A,2023-09-15 11:55:28
