A,Application Behavior,Users experiencing intermittent timeouts on Server A,2023-08-05 10:18:30
A,Software Update,Recent software update causing compatibility issues on Server A,2023-08-09 14:55:12
B,Hardware Failure,Server B experienced a hardware failure,2023-08-11 18:20:48
B,Permission Misconfiguration,Users unable to access specific files on Server B,2023-08-17 17:45:38
B,User Access,User access permissions not being applied correctly on Server B,2023-08-29 12:15:17
A,Performance Tuning,Optimizing server settings to improve performance on Server A,2023-09-05 13:27:19
B,Application Rollback,Rolling back application update due to issues on Server B,2023-09-10 11:50:55
A,User Training,Conducting user training on a newly implemented system on Server A,2023-09-11 14:20:10
B,Backup Storage,Issues with storing backups due to limited storage on Server B,2023-09-12 09:28:33
User access permissions not being applied correctly on Server B
Applying patches to fix service-specific bugs on Server B
Users unable to access specific files on Server B
Applying patches to fix service-specific bugs on Server B
2023-08-13 14:48:55
2023-08-21 14:33:09
2023-08-23 15:27:55
2023-09-06 12:40:30
2023-09-08 09:33:45
Description
Application on Server B crashed unexpectedly
Service on Server B experiencing slowness
Incident
Storage Capacity
User Account Issue
Security Patch
Service Patching
Email Spam Filter
B
B
B
Database table corruption detected on Server B
Slow database queries on Server B
Rolling back application update due to issues on Server B
Issues with storing backups due to limited storage on Server B
Applying patches to fix service-specific bugs on Server B
Time
2023-08-15 15:10:05
2023-08-19 11:30:15
2023-08-27 14:52:40
2023-09-14 10:05:19
2023-09-16 09:22:45
User unable to log in due to account lockout on Server B
Upgrading RAM on Server B for better performance
Rolling back application update due to issues on Server B
Issues with storing backups due to limited storage on Server B
Configuring spam filters to reduce email spam on Server B
Hardware Failure
Database Performance
User Account Issue
Security Patch
Email Spam Filter
User unable to log in due to account lockout on Server B
Misconfiguration in the application settings on Server B
Applying patches to fix service-specific bugs on Server B
Rolling back application update due to issues on Server B
Adjusting user permissions based on role changes on Server B
User access permissions not being applied correctly on Server B
Service on Server B experiencing slowness
Rolling back application update due to issues on Server B
Slow database queries on Server B
Description
Misconfiguration in the application settings on Server B
Service on Server B experiencing slowness
Applying patches to fix service-specific bugs on Server B
Rolling back application update due to issues on Server B
B
B
B
B
Disk space running low on Server B
Expired software license causing application shutdown on Server B
Issues with storing backups due to limited storage on Server B
User access permissions not being applied correctly on Server B
2023-08-08 09:27:37
2023-08-21 14:33:09
2023-09-14 10:05:19
Database table corruption detected on Server B
Misconfiguration in the application settings on Server B
Upgrading RAM on Server B for better performance
Issues with storing backups due to limited storage on Server B
Configuring spam filters to reduce email spam on Server B
Application Crash
Software Licensing
B
B
Database table corruption detected on Server B
Expired software license causing application shutdown on Server B
Rolling back application update due to issues on Server B
Issues with storing backups due to limited storage on Server B
Application on Server B crashed unexpectedly
Users unable to access specific files on Server B
User access permissions not being applied correctly on Server B
Service on Server B experiencing slowness
Applying patches to fix service-specific bugs on Server B
2023-08-01 11:45:22
2023-08-03 08:55:11
2023-08-23 15:27:55
Users unable to access specific files on Server B
Security Patch
User Access
Security Audit
User Permissions
Unable to log in to the application on Server B
User access permissions not being applied correctly on Server B
Upgrading RAM on Server B for better performance
Adjusting user permissions based on role changes on Server B
Configuring spam filters to reduce email spam on Server B
Disk space running low on Server B
Application on Server B crashed unexpectedly
Expired software license causing application shutdown on Server B
Description
Unable to log in to the application on Server B
Slow database queries on Server B
Rolling back application update due to issues on Server B
B
B
Unable to log in to the application on Server B
Applying security patches to mitigate vulnerabilities on Server B
Adjusting user permissions based on role changes on Server B
Disk space running low on Server B
Expired software license causing application shutdown on Server B
Applying patches to fix service-specific bugs on Server B
Rolling back application update due to issues on Server B
2023-08-01 11:45:22
2023-08-06 12:05:15
2023-08-23 15:27:55
2023-08-27 14:52:40
Conflict between two applications causing instability on Server B
Adjusting user permissions based on role changes on Server B
Application Crash
User Account Issue
Hardware Upgrade
Security Audit
B
B
B
Unable to log in to the application on Server B
Slow database queries on Server B
Users unable to access specific files on Server B
Conflict between two applications causing instability on Server B
Upgrading RAM on Server B for better performance
Server B experienced a hardware failure
Application on Server B crashed unexpectedly
Service on Server B experiencing slowness
Applying patches to fix service-specific bugs on Server B
2023-08-06 12:05:15
2023-08-15 15:10:05
2023-09-04 08:15:52
2023-09-06 12:40:30
2023-09-14 10:05:19
Description
Application Crash
Software Crash
Database Performance
Application Configuration
Email Spam Filter
Description
Slow database queries on Server B
Misconfiguration in the application settings on Server B
Configuring spam filters to reduce email spam on Server B
Unable to log in to the application on Server B
Slow database queries on Server B
Upgrading RAM on Server B for better performance
Rolling back application update due to issues on Server B
Description
Conducting a security audit to identify vulnerabilities on Server B
Configuring spam filters to reduce email spam on Server B
Adjusting user permissions based on role changes on Server B
Misconfiguration in the application settings on Server B
B
B
B
B
Database table corruption detected on Server B
Adjusting user permissions based on role changes on Server B
Upgrading RAM on Server B for better performance
Applying patches to fix service-specific bugs on Server B
2023-08-13 14:48:55
User unable to log in due to account lockout on Server B
Hardware Failure
Database Performance
User Account Issue
User Permissions
B
B
User access permissions not being applied correctly on Server B
Service on Server B experiencing slowness
Expired software license causing application shutdown on Server B
Time
Rolling back application update due to issues on Server B
Database Corruption
Software Crash
Unable to log in to the application on Server B
Misconfiguration in the application settings on Server B
Applying patches to fix service-specific bugs on Server B
Configuring spam filters to reduce email spam on Server B
Expired software license causing application shutdown on Server B
Adjusting user permissions based on role changes on Server B
Faulty network switch affecting Server B connectivity
Service on Server B experiencing slowness
Rolling back application update due to issues on Server B
Configuring spam filters to reduce email spam on Server B
Unable to log in to the application on Server B
User unable to log in due to account lockout on Server B
Misconfiguration in the application settings on Server B
Upgrading RAM on Server B for better performance
Issues with storing backups due to limited storage on Server B
Adjusting user permissions based on role changes on Server B
B
B
B
Unable to log in to the application on Server B
Slow database queries on Server B
Database table corruption detected on Server B
Disk space running low on Server B
2023-08-01 11:45:22
2023-08-19 11:30:15
2023-08-21 14:33:09
2023-08-27 14:52:40
2023-09-14 10:05:19
2023-09-16 09:22:45
Database table corruption detected on Server B
Storage Capacity
Software Crash
User Account Issue
Security Audit
B
B
B
B
B
B
Slow database queries on Server B
Issues with storing backups due to limited storage on Server B
Server B experienced a hardware failure
Application on Server B crashed unexpectedly
Users unable to access specific files on Server B
User access permissions not being applied correctly on Server B
Service on Server B experiencing slowness
2023-08-01 11:45:22
2023-08-19 11:30:15
2023-08-21 14:33:09
User unable to log in due to account lockout on Server B
Service on Server B experiencing slowness
Upgrading RAM on Server B for better performance
Authentication Failure
Software Crash
Database Performance
Permission Misconfiguration
Software Conflict
Security Audit
User Permissions
Unable to log in to the application on Server B
Application on Server B crashed unexpectedly
User unable to log in due to account lockout on Server B
Conflict between two applications causing instability on Server B
Applying patches to fix service-specific bugs on Server B
Rolling back application update due to issues on Server B
Adjusting user permissions based on role changes on Server B
Description
Unable to log in to the application on Server B
Faulty network switch affecting Server B connectivity
Service on Server B experiencing slowness
Applying patches to fix service-specific bugs on Server B
Rolling back application update due to issues on Server B
B
B
B
B
B
B
Users unable to access specific files on Server B
User unable to log in due to account lockout on Server B
Unable to log in to the application on Server B
Server B experienced a hardware failure
User access permissions not being applied correctly on Server B
Expired software license causing application shutdown on Server B
Issues with storing backups due to limited storage on Server B
Time
Description
User access permissions not being applied correctly on Server B
Software Crash
Software Licensing
User Permissions
B
B
Adjusting user permissions based on role changes on Server B
The application on Server B crashed unexpectedly
Application on Server B crashed unexpectedly
2023-08-27 14:52:40
2023-09-02 10:02:38
Misconfiguration in the application settings on Server B
Authentication Failure
User Account Issue
Software Licensing
Unable to log in to the application on Server B
Slow database queries on Server B
Expired software license causing application shutdown on Server B
Unable to log in to the application on Server B
User access permissions not being applied correctly on Server B
Configuring spam filters to reduce email spam on Server B
Description
Database table corruption detected on Server B
User unable to log in due to account lockout on Server B
B
B
B
Application on Server B crashed unexpectedly
Users unable to access specific files on Server B
User unable to log in due to account lockout on Server B
Applying security patches to mitigate vulnerabilities on Server B
Adjusting user permissions based on role changes on Server B
The application on Server B crashed unexpectedly
User access permissions not being applied correctly on Server B
2023-08-31 09:40:45
User unable to log in due to account lockout on Server B
Issues with storing backups due to limited storage on Server B
Software Crash
Service Patching
B
B
B
B
Conflict between two applications causing instability on Server B
User access permissions not being applied correctly on Server B
Expired software license causing application shutdown on Server B
Adjusting user permissions based on role changes on Server B
User access permissions not being applied correctly on Server B
Time
2023-08-21 14:33:09
Application on Server B crashed unexpectedly
User unable to log in due to account lockout on Server B
Upgrading RAM on Server B for better performance
Incident
User Account Issue
Service Performance
Expired software license causing application shutdown on Server B
Rolling back application update due to issues on Server B
Users unable to access specific files on Server B
Upgrading RAM on Server B for better performance
Configuring spam filters to reduce email spam on Server B
Adjusting user permissions based on role changes on Server B
Upgrading RAM on Server B for better performance
Issues with storing backups due to limited storage on Server B
Application on Server B crashed unexpectedly
B
B
Disk space running low on Server B
Adjusting user permissions based on role changes on Server B
Issues with storing backups due to limited storage on Server B
Time
2023-08-08 09:27:37
2023-08-13 14:48:55
User access permissions not being applied correctly on Server B
Permission Misconfiguration
Security Audit
B
B
B
Time
2023-08-13 14:48:55
2023-08-29 12:15:17
2023-08-31 09:40:45
Rolling back application update due to issues on Server B
Incident
Storage Capacity
Permission Misconfiguration
Upgrading RAM on Server B for better performance
User access permissions not being applied correctly on Server B
Unable to log in to the application on Server B
Service on Server B experiencing slowness
Adjusting user permissions based on role changes on Server B
B
B
B
B
B
Faulty network switch affecting Server B connectivity
Conflict between two applications causing instability on Server B
Upgrading RAM on Server B for better performance
Rolling back application update due to issues on Server B
Configuring spam filters to reduce email spam on Server B
The application on Server B crashed unexpectedly
2023-08-01 11:45:22
2023-08-11 18:20:48
2023-08-13 14:48:55
2023-08-27 14:52:40
2023-08-31 09:40:45
Users unable to access specific files on Server B
User unable to log in due to account lockout on Server B
Service on Server B experiencing slowness
Adjusting user permissions based on role changes on Server B
Application Configuration
User Access
B
B
B
Expired software license causing application shutdown on Server B
Unable to log in to the application on Server B
Expired software license causing application shutdown on Server B
Applying patches to fix service-specific bugs on Server B
2023-08-13 14:48:55
2023-08-15 15:10:05
2023-08-21 14:33:09
2023-08-23 15:27:55
2023-08-27 14:52:40
Description
Slow database queries on Server B
Database Corruption
Network Hardware Issue
Unable to log in to the application on Server B
Faulty network switch affecting Server B connectivity
Configuring spam filters to reduce email spam on Server B
Description
Application on Server B crashed unexpectedly
Expired software license causing application shutdown on Server B
Users unable to access specific files on Server B
Upgrading RAM on Server B for better performance
Conducting a security audit to identify vulnerabilities on Server B
B
B
Users unable to access specific files on Server B
Conflict between two applications causing instability on Server B
Issues with storing backups due to limited storage on Server B
Database table corruption detected on Server B
Server B experienced a hardware failure
Users unable to access specific files on Server B
2023-08-15 15:10:05
2023-08-31 09:40:45
2023-09-06 12:40:30
Database table corruption detected on Server B
Hardware Failure
Software Crash
User Access
Software Licensing
Security Audit
B
B
Database table corruption detected on Server B
Users unable to access specific files on Server B
Rolling back application update due to issues on Server B
Server B experienced a hardware failure
Application on Server B crashed unexpectedly
Upgrading RAM on Server B for better performance
Time
2023-08-31 09:40:45
2023-09-06 12:40:30
Database table corruption detected on Server B
Application on Server B crashed unexpectedly
Database Corruption
Authentication Failure
Service Patching
Application on Server B crashed unexpectedly
Slow database queries on Server B
Faulty network switch affecting Server B connectivity
Service on Server B experiencing slowness
Upgrading RAM on Server B for better performance
Configuring spam filters to reduce email spam on Server B
Adjusting user permissions based on role changes on Server B
Disk space running low on Server B
Conflict between two applications causing instability on Server B
Issues with storing backups due to limited storage on Server B
Server B experienced a hardware failure
Application on Server B crashed unexpectedly
Applying security patches to mitigate vulnerabilities on Server B
Configuring spam filters to reduce email spam on Server B
Server B experienced a hardware failure
Service on Server B experiencing slowness
B
B
B
Issues with storing backups due to limited storage on Server B
Description
Database table corruption detected on Server B
Unable to log in to the application on Server B
Service on Server B experiencing slowness
2023-08-13 14:48:55
2023-08-19 11:30:15
Applying security patches to mitigate vulnerabilities on Server B
Service on Server B experiencing slowness
Incident
Storage Capacity
Hardware Failure
Database Performance
Software Conflict
Security Audit
B
B
B
B
Applying patches to fix service-specific bugs on Server B
Issues with storing backups due to limited storage on Server B
User access permissions not being applied correctly on Server B
2023-08-21 14:33:09
2023-09-16 09:22:45
User unable to log in due to account lockout on Server B
Database Corruption
Hardware Failure
Conflict between two applications causing instability on Server B
The application on Server B crashed unexpectedly
Users unable to access specific files on Server B
Upgrading RAM on Server B for better performance
Rolling back application update due to issues on Server B
Configuring spam filters to reduce email spam on Server B
The application on Server B crashed unexpectedly
Misconfiguration in the application settings on Server B
Conducting a security audit to identify vulnerabilities on Server B
Adjusting user permissions based on role changes on Server B
Rolling back application update due to issues on Server B
Issues with storing backups due to limited storage on Server B
Configuring spam filters to reduce email spam on Server B
Adjusting user permissions based on role changes on Server B
B
B
Database table corruption detected on Server B
Application on Server B crashed unexpectedly
Database table corruption detected on Server B
Application on Server B crashed unexpectedly
User access permissions not being applied correctly on Server B
Service on Server B experiencing slowness
Expired software license causing application shutdown on Server B
Issues with storing backups due to limited storage on Server B
2023-08-03 08:55:11
2023-08-11 18:20:48
Conflict between two applications causing instability on Server B
Applying security patches to mitigate vulnerabilities on Server B
Software Crash
Database Performance
Service Performance
B
B
Slow database queries on Server B
Application on Server B crashed unexpectedly
Expired software license causing application shutdown on Server B
Rolling back application update due to issues on Server B
2023-08-29 12:15:17
2023-08-31 09:40:45
2023-09-06 12:40:30
Application on Server B crashed unexpectedly
Security Audit
Misconfiguration in the application settings on Server B
Expired software license causing application shutdown on Server B
User access permissions not being applied correctly on Server B
Rolling back application update due to issues on Server B
Database table corruption detected on Server B
Service on Server B experiencing slowness
Expired software license causing application shutdown on Server B
Issues with storing backups due to limited storage on Server B
B
B
B
B
B
B
B
B
Users unable to access specific files on Server B
Database table corruption detected on Server B
User access permissions not being applied correctly on Server B
2023-08-01 11:45:22
Slow database queries on Server B
Issues with storing backups due to limited storage on Server B
Application Crash
Permission Misconfiguration
Hardware Upgrade
B
B
Database table corruption detected on Server B
Expired software license causing application shutdown on Server B
2023-08-06 12:05:15
2023-08-08 09:27:37
2023-08-19 11:30:15
2023-09-14 10:05:19
Conflict between two applications causing instability on Server B
User access permissions not being applied correctly on Server B
Rolling back application update due to issues on Server B
Issues with storing backups due to limited storage on Server B
Database Corruption
Storage Capacity
Hardware Failure
Software Crash
Unable to log in to the application on Server B
Applying security patches to mitigate vulnerabilities on Server B
Server B experienced a hardware failure
Conducting a security audit to identify vulnerabilities on Server B
Database table corruption detected on Server B
Adjusting user permissions based on role changes on Server B
B
Slow database queries on Server B
Users unable to access specific files on Server B
Issues with storing backups due to limited storage on Server B
Adjusting user permissions based on role changes on Server B
Time
Service on Server B experiencing slowness
Upgrading RAM on Server B for better performance
Adjusting user permissions based on role changes on Server B
Software Crash
Permission Misconfiguration
Network Hardware Issue
Software Licensing
Security Audit
Slow database queries on Server B
Upgrading RAM on Server B for better performance
Applying patches to fix service-specific bugs on Server B
Application on Server B crashed unexpectedly
User access permissions not being applied correctly on Server B
2023-08-01 11:45:22
Users unable to access specific files on Server B
Upgrading RAM on Server B for better performance
User Account Issue
Software Licensing
Security Audit
Conflict between two applications causing instability on Server B
Description
Upgrading RAM on Server B for better performance
B
B
Issues with storing backups due to limited storage on Server B
Configuring spam filters to reduce email spam on Server B
Database table corruption detected on Server B
Rolling back application update due to issues on Server B
Issues with storing backups due to limited storage on Server B
Adjusting user permissions based on role changes on Server B
Hardware Failure
B
B
Applying security patches to mitigate vulnerabilities on Server B
Upgrading RAM on Server B for better performance
2023-08-29 12:15:17
Service on Server B experiencing slowness
Configuring spam filters to reduce email spam on Server B
Database Performance
Upgrading RAM on Server B for better performance
Rolling back application update due to issues on Server B
Unable to log in to the application on Server B
Misconfiguration in the application settings on Server B
Service on Server B experiencing slowness
Rolling back application update due to issues on Server B
Conflict between two applications causing instability on Server B
Misconfiguration in the application settings on Server B
Rolling back application update due to issues on Server B
B
Upgrading RAM on Server B for better performance
Time
2023-08-01 11:45:22
2023-08-08 09:27:37
2023-08-21 14:33:09
Database table corruption detected on Server B
Users unable to access specific files on Server B
Service on Server B experiencing slowness
Database Performance
Service Performance
Security Audit
B
B
Unable to log in to the application on Server B
The application on Server B crashed unexpectedly
2023-08-01 11:45:22
2023-08-13 14:48:55
Storage Capacity
Unable to log in to the application on Server B
Applying patches to fix service-specific bugs on Server B
Issues with storing backups due to limited storage on Server B
Rolling back application update due to issues on Server B
Server
B
Unable to log in to the application on Server B
Applying security patches to mitigate vulnerabilities on Server B
2023-08-06 12:05:15
2023-08-23 15:27:55
2023-08-25 16:05:38
Description
Application on Server B crashed unexpectedly
Conflict between two applications causing instability on Server B
Applying security patches to mitigate vulnerabilities on Server B
Issues with storing backups due to limited storage on Server B
Security Patch
Service Patching
B
B
The application on Server B crashed unexpectedly
Faulty network switch affecting Server B connectivity
Issues with storing backups due to limited storage on Server B
Time
2023-08-19 11:30:15
User unable to log in due to account lockout on Server B
Security Patch
Description
Database table corruption detected on Server B
Server B experienced a hardware failure
Slow database queries on Server B
User access permissions not being applied correctly on Server B
Database table corruption detected on Server B
Faulty network switch affecting Server B connectivity
Misconfiguration in the application settings on Server B
Upgrading RAM on Server B for better performance
Slow database queries on Server B
Server B experienced a hardware failure
Expired software license causing application shutdown on Server B
B
B
B
B
B
B
Unable to log in to the application on Server B
Disk space running low on Server B
Slow database queries on Server B
Expired software license causing application shutdown on Server B
Upgrading RAM on Server B for better performance
2023-09-06 12:40:30
2023-09-14 10:05:19
User unable to log in due to account lockout on Server B
Conflict between two applications causing instability on Server B
Upgrading RAM on Server B for better performance
Rolling back application update due to issues on Server B
Hardware Failure
Hardware Upgrade
User Permissions
B
Rolling back application update due to issues on Server B
The application on Server B crashed unexpectedly
Unable to log in to the application on Server B
Application on Server B crashed unexpectedly
2023-08-11 18:20:48
2023-08-31 09:40:45
2023-09-06 12:40:30
Security Audit
Database table corruption detected on Server B
Conflict between two applications causing instability on Server B
Service on Server B experiencing slowness
Expired software license causing application shutdown on Server B
Applying patches to fix service-specific bugs on Server B
Rolling back application update due to issues on Server B
Issues with storing backups due to limited storage on Server B
Database table corruption detected on Server B
Disk space running low on Server B
Slow database queries on Server B
Faulty network switch affecting Server B connectivity
Service on Server B experiencing slowness
Expired software license causing application shutdown on Server B
Database table corruption detected on Server B
Expired software license causing application shutdown on Server B
Issues with storing backups due to limited storage on Server B
B
B
B
Unable to log in to the application on Server B
Application on Server B crashed unexpectedly
Applying security patches to mitigate vulnerabilities on Server B
Database table corruption detected on Server B
User access permissions not being applied correctly on Server B
2023-08-13 14:48:55
2023-08-25 16:05:38
2023-08-27 14:52:40
2023-09-02 10:02:38
Conflict between two applications causing instability on Server B
Rolling back application update due to issues on Server B
Issues with storing backups due to limited storage on Server B
Configuring spam filters to reduce email spam on Server B
Hardware Upgrade
Security Audit
Service Patching
User Permissions
B
B
Unable to log in to the application on Server B
Disk space running low on Server B
User access permissions not being applied correctly on Server B
Issues with storing backups due to limited storage on Server B
Applying patches to fix service-specific bugs on Server B
2023-08-29 12:15:17
Database table corruption detected on Server B
Service on Server B experiencing slowness
Application Crash
Storage Capacity
Application Configuration
User Access
Software Licensing
Email Spam Filter
Faulty network switch affecting Server B connectivity
Configuring spam filters to reduce email spam on Server B
Database table corruption detected on Server B
Slow database queries on Server B
User access permissions not being applied correctly on Server B
Disk space running low on Server B
Expired software license causing application shutdown on Server B
B
Disk space running low on Server B
Applying security patches to mitigate vulnerabilities on Server B
Rolling back application update due to issues on Server B
Issues with storing backups due to limited storage on Server B
Applying patches to fix service-specific bugs on Server B
Description
Application on Server B crashed unexpectedly
Conflict between two applications causing instability on Server B
Rolling back application update due to issues on Server B
Adjusting user permissions based on role changes on Server B
B
B
B
Application on Server B crashed unexpectedly
Rolling back application update due to issues on Server B
Incident
Software Crash
Unable to log in to the application on Server B
Disk space running low on Server B
Expired software license causing application shutdown on Server B
Rolling back application update due to issues on Server B
Faulty network switch affecting Server B connectivity
Conflict between two applications causing instability on Server B
Upgrading RAM on Server B for better performance
Adjusting user permissions based on role changes on Server B
Disk space running low on Server B
Slow database queries on Server B
B
B
Unable to log in to the application on Server B
Faulty network switch affecting Server B connectivity
Expired software license causing application shutdown on Server B
Database table corruption detected on Server B
Applying patches to fix service-specific bugs on Server B
Issues with storing backups due to limited storage on Server B
2023-08-15 15:10:05
Service on Server B experiencing slowness
Security Patch
Service Patching
Email Spam Filter
B
B
B
B
Server B experienced a hardware failure
2023-08-08 09:27:37
2023-08-31 09:40:45
2023-09-16 09:22:45
User access permissions not being applied correctly on Server B
Application Crash
Permission Misconfiguration
User Account Issue
Unable to log in to the application on Server B
Disk space running low on Server B
Applying patches to fix service-specific bugs on Server B
Description
Slow database queries on Server B
User access permissions not being applied correctly on Server B
Service on Server B experiencing slowness
Adjusting user permissions based on role changes on Server B
Disk space running low on Server B
User unable to log in due to account lockout on Server B
Service on Server B experiencing slowness
Conducting a security audit to identify vulnerabilities on Server B
Database table corruption detected on Server B
Slow database queries on Server B
B
B
B
Adjusting user permissions based on role changes on Server B
Unable to log in to the application on Server B
2023-08-03 08:55:11
2023-08-25 16:05:38
Description
Faulty network switch affecting Server B connectivity
Rolling back application update due to issues on Server B
Software Crash
Database Performance
Software Licensing
B
B
Users unable to access specific files on Server B
Faulty network switch affecting Server B connectivity
Upgrading RAM on Server B for better performance
Applying patches to fix service-specific bugs on Server B
Unable to log in to the application on Server B
User access permissions not being applied correctly on Server B
Expired software license causing application shutdown on Server B
Time
2023-08-11 18:20:48
2023-08-29 12:15:17
2023-09-02 10:02:38
2023-09-04 08:15:52
Network Hardware Issue
Software Conflict
Security Audit
Description
Unable to log in to the application on Server B
Service on Server B experiencing slowness
Database table corruption detected on Server B
Rolling back application update due to issues on Server B
B
B
B
Disk space running low on Server B
Users unable to access specific files on Server B
User access permissions not being applied correctly on Server B
The application on Server B crashed unexpectedly
Disk space running low on Server B
Rolling back application update due to issues on Server B
Configuring spam filters to reduce email spam on Server B
2023-08-29 12:15:17
2023-09-14 10:05:19
Hardware Failure
B
B
B
B
B
Conflict between two applications causing instability on Server B
Applying security patches to mitigate vulnerabilities on Server B
User access permissions not being applied correctly on Server B
Adjusting user permissions based on role changes on Server B
Applying patches to fix service-specific bugs on Server B
2023-08-21 14:33:09
2023-08-29 12:15:17
2023-09-04 08:15:52
User unable to log in due to account lockout on Server B
Service on Server B experiencing slowness
The application on Server B crashed unexpectedly
Users unable to access specific files on Server B
Service on Server B experiencing slowness
Conflict between two applications causing instability on Server B
Applying patches to fix service-specific bugs on Server B
Adjusting user permissions based on role changes on Server B
Description
Expired software license causing application shutdown on Server B
Rolling back application update due to issues on Server B
Application on Server B crashed unexpectedly
Database table corruption detected on Server B
Service on Server B experiencing slowness
Adjusting user permissions based on role changes on Server B
B
Unable to log in to the application on Server B
Disk space running low on Server B
Users unable to access specific files on Server B
Service on Server B experiencing slowness
2023-08-11 18:20:48
2023-09-02 10:02:38
2023-09-06 12:40:30
Permission Misconfiguration
Security Audit
Service Patching
User access permissions not being applied correctly on Server B
Rolling back application update due to issues on Server B
Adjusting user permissions based on role changes on Server B
Disk space running low on Server B
Application on Server B crashed unexpectedly
Slow database queries on Server B
Configuring spam filters to reduce email spam on Server B
Adjusting user permissions based on role changes on Server B
B
B
B
B
Server B experienced a hardware failure
Application on Server B crashed unexpectedly
2023-08-01 11:45:22
2023-08-23 15:27:55
2023-09-08 09:33:45
2023-09-14 10:05:19
Users unable to access specific files on Server B
Database Corruption
Software Crash
Network Hardware Issue
Application Configuration
Server
The application on Server B crashed unexpectedly
Database table corruption detected on Server B
Application on Server B crashed unexpectedly
Service on Server B experiencing slowness
Upgrading RAM on Server B for better performance
2023-08-19 11:30:15
2023-08-31 09:40:45
2023-09-14 10:05:19
User unable to log in due to account lockout on Server B
User access permissions not being applied correctly on Server B
Configuring spam filters to reduce email spam on Server B
Database Corruption
Network Hardware Issue
User Permissions
Unable to log in to the application on Server B
Slow database queries on Server B
Expired software license causing application shutdown on Server B
Upgrading RAM on Server B for better performance
Rolling back application update due to issues on Server B
Configuring spam filters to reduce email spam on Server B
Description
Application on Server B crashed unexpectedly
Upgrading RAM on Server B for better performance
Issues with storing backups due to limited storage on Server B
Applying patches to fix service-specific bugs on Server B
The application on Server B crashed unexpectedly
Unable to log in to the application on Server B
Configuring spam filters to reduce email spam on Server B
B
B
Users unable to access specific files on Server B
Users unable to access specific files on Server B
2023-08-01 11:45:22
2023-08-13 14:48:55
2023-09-14 10:05:19
Application on Server B crashed unexpectedly
Configuring spam filters to reduce email spam on Server B
Database Corruption
B
B
Upgrading RAM on Server B for better performance
Unable to log in to the application on Server B
Users unable to access specific files on Server B
2023-08-11 18:20:48
2023-08-23 15:27:55
2023-09-14 10:05:19
Conflict between two applications causing instability on Server B
Storage Capacity
Software Crash
Network Hardware Issue
Service Performance
User Permissions
Applying patches to fix service-specific bugs on Server B
Database table corruption detected on Server B
Faulty network switch affecting Server B connectivity
User access permissions not being applied correctly on Server B
Expired software license causing application shutdown on Server B
Issues with storing backups due to limited storage on Server B
Users unable to access specific files on Server B
User access permissions not being applied correctly on Server B
Service on Server B experiencing slowness
Rolling back application update due to issues on Server B
Applying patches to fix service-specific bugs on Server B
B
B
B
User unable to log in due to account lockout on Server B
Rolling back application update due to issues on Server B
The application on Server B crashed unexpectedly
Users unable to access specific files on Server B
User access permissions not being applied correctly on Server B
2023-08-01 11:45:22
2023-08-25 16:05:38
2023-08-29 12:15:17
2023-08-31 09:40:45
Software Conflict
B
B
2023-09-16 09:22:45
Description
Application on Server B crashed unexpectedly
User unable to log in due to account lockout on Server B
Conflict between two applications causing instability on Server B
Conflict between two applications causing instability on Server B
Misconfiguration in the application settings on Server B
Slow database queries on Server B
Description
Conducting a security audit to identify vulnerabilities on Server B
Configuring spam filters to reduce email spam on Server B
Service on Server B experiencing slowness
Rolling back application update due to issues on Server B
B
B
B
B
Issues with storing backups due to limited storage on Server B
Database table corruption detected on Server B
Applying patches to fix service-specific bugs on Server B
2023-08-15 15:10:05
Users unable to access specific files on Server B
Adjusting user permissions based on role changes on Server B
B
B
B
2023-08-11 18:20:48
2023-08-13 14:48:55
2023-09-06 12:40:30
Permission Misconfiguration
Service Patching
User Permissions
Description
Misconfiguration in the application settings on Server B
Applying patches to fix service-specific bugs on Server B
Configuring spam filters to reduce email spam on Server B
Expired software license causing application shutdown on Server B
Configuring spam filters to reduce email spam on Server B
Database table corruption detected on Server B
B
B
B
2023-08-08 09:27:37
Slow database queries on Server B
Service on Server B experiencing slowness
Issues with storing backups due to limited storage on Server B
Authentication Failure
Software Crash
Hardware Upgrade
Server
B
B
B
B
B
Database table corruption detected on Server B
Expired software license causing application shutdown on Server B
Issues with storing backups due to limited storage on Server B
Unable to log in to the application on Server B
Expired software license causing application shutdown on Server B
2023-08-21 14:33:09
2023-09-08 09:33:45
Misconfiguration in the application settings on Server B
Network Hardware Issue
Software Licensing
Server B experienced a hardware failure
Adjusting user permissions based on role changes on Server B
Slow database queries on Server B
Applying security patches to mitigate vulnerabilities on Server B
Issues with storing backups due to limited storage on Server B
Disk space running low on Server B
Adjusting user permissions based on role changes on Server B
B
B
B
B
Upgrading RAM on Server B for better performance
Server B experienced a hardware failure
2023-08-08 09:27:37
User access permissions not being applied correctly on Server B
Upgrading RAM on Server B for better performance
Hardware Failure
Software Crash
User Access
B
B
B
Service on Server B experiencing slowness
2023-08-27 14:52:40
2023-08-31 09:40:45
Authentication Failure
Network Hardware Issue
Security Audit
Database table corruption detected on Server B
Faulty network switch affecting Server B connectivity
Issues with storing backups due to limited storage on Server B
Unable to log in to the application on Server B
Database table corruption detected on Server B
Server B experienced a hardware failure
Adjusting user permissions based on role changes on Server B
B
B
B
User access permissions not being applied correctly on Server B
Rolling back application update due to issues on Server B
Service on Server B experiencing slowness
Issues with storing backups due to limited storage on Server B
Configuring spam filters to reduce email spam on Server B
2023-08-21 14:33:09
2023-08-25 16:05:38
Adjusting user permissions based on role changes on Server B
Database Corruption
B
2023-08-21 14:33:09
Database table corruption detected on Server B
Database Corruption
Security Patch
User Access
Users unable to access specific files on Server B
Upgrading RAM on Server B for better performance
Configuring spam filters to reduce email spam on Server B
Adjusting user permissions based on role changes on Server B
Conflict between two applications causing instability on Server B
User access permissions not being applied correctly on Server B
Rolling back application update due to issues on Server B
Issues with storing backups due to limited storage on Server B
B
User access permissions not being applied correctly on Server B
2023-09-06 12:40:30
Database table corruption detected on Server B
B
B
B
Unable to log in to the application on Server B
Rolling back application update due to issues on Server B
2023-08-27 14:52:40
Security Audit
Service Patching
User Permissions
Application on Server B crashed unexpectedly
User access permissions not being applied correctly on Server B
Expired software license causing application shutdown on Server B
Configuring spam filters to reduce email spam on Server B
Conflict between two applications causing instability on Server B
Upgrading RAM on Server B for better performance
Users unable to access specific files on Server B
Rolling back application update due to issues on Server B
Adjusting user permissions based on role changes on Server B
Unable to log in to the application on Server B
Misconfiguration in the application settings on Server B
B
B
B
Database table corruption detected on Server B
Unable to log in to the application on Server B
Expired software license causing application shutdown on Server B
Disk space running low on Server B
User access permissions not being applied correctly on Server B
Service on Server B experiencing slowness
2023-08-01 11:45:22
2023-08-27 14:52:40
Application on Server B crashed unexpectedly
Faulty network switch affecting Server B connectivity
Conflict between two applications causing instability on Server B
Rolling back application update due to issues on Server B
Storage Capacity
User Access
Service Performance
B
B
B
The application on Server B crashed unexpectedly
Slow database queries on Server B
User access permissions not being applied correctly on Server B
Database table corruption detected on Server B
Expired software license causing application shutdown on Server B
Time
2023-08-03 08:55:11
2023-08-13 14:48:55
2023-08-19 11:30:15
2023-08-23 15:27:55
Application on Server B crashed unexpectedly
User access permissions not being applied correctly on Server B
Configuring spam filters to reduce email spam on Server B
Incident
Authentication Failure
Permission Misconfiguration
Service Patching
Database table corruption detected on Server B
Conflict between two applications causing instability on Server B
Adjusting user permissions based on role changes on Server B
Unable to log in to the application on Server B
Application on Server B crashed unexpectedly
Slow database queries on Server B
Users unable to access specific files on Server B
Faulty network switch affecting Server B connectivity
Service on Server B experiencing slowness
User unable to log in due to account lockout on Server B
Applying patches to fix service-specific bugs on Server B
B
B
Server B experienced a hardware failure
Applying security patches to mitigate vulnerabilities on Server B
The application on Server B crashed unexpectedly
Unable to log in to the application on Server B
2023-08-03 08:55:11
2023-08-08 09:27:37
2023-08-15 15:10:05
2023-09-14 10:05:19
Users unable to access specific files on Server B
Adjusting user permissions based on role changes on Server B
Incident
B
The application on Server B crashed unexpectedly
Database table corruption detected on Server B
Users unable to access specific files on Server B
2023-08-03 08:55:11
Application on Server B crashed unexpectedly
Issues with storing backups due to limited storage on Server B
Application Crash
Hardware Failure
Rolling back application update due to issues on Server B
Configuring spam filters to reduce email spam on Server B
Disk space running low on Server B
Server B experienced a hardware failure
User access permissions not being applied correctly on Server B
Rolling back application update due to issues on Server B
Upgrading RAM on Server B for better performance
Configuring spam filters to reduce email spam on Server B
B
B
B
B
Application on Server B crashed unexpectedly
Faulty network switch affecting Server B connectivity
Conflict between two applications causing instability on Server B
Issues with storing backups due to limited storage on Server B
Description
Database table corruption detected on Server B
Unable to log in to the application on Server B
Faulty network switch affecting Server B connectivity
User access permissions not being applied correctly on Server B
Expired software license causing application shutdown on Server B
2023-08-19 11:30:15
2023-08-25 16:05:38
2023-08-31 09:40:45
2023-09-14 10:05:19
Description
Upgrading RAM on Server B for better performance
Application Crash
Hardware Failure
User Permissions
B
B
Expired software license causing application shutdown on Server B
Rolling back application update due to issues on Server B
Time
2023-09-06 12:40:30
Conflict between two applications causing instability on Server B
Upgrading RAM on Server B for better performance
Database Corruption
Service Performance
Unable to log in to the application on Server B
Server B experienced a hardware failure
Conflict between two applications causing instability on Server B
Rolling back application update due to issues on Server B
Configuring spam filters to reduce email spam on Server B
Unable to log in to the application on Server B
Faulty network switch affecting Server B connectivity
Service on Server B experiencing slowness
Expired software license causing application shutdown on Server B
Faulty network switch affecting Server B connectivity
User access permissions not being applied correctly on Server B
Applying patches to fix service-specific bugs on Server B
Issues with storing backups due to limited storage on Server B
B
Upgrading RAM on Server B for better performance
Application on Server B crashed unexpectedly
Upgrading RAM on Server B for better performance
2023-08-21 14:33:09
Database table corruption detected on Server B
User unable to log in due to account lockout on Server B
Conflict between two applications causing instability on Server B
User access permissions not being applied correctly on Server B
Incident
User Account Issue
Service Patching
B
B
B
B
Users unable to access specific files on Server B
Users unable to access specific files on Server B
2023-08-01 11:45:22
2023-08-13 14:48:55
Misconfiguration in the application settings on Server B
Application Crash
Database Corruption
Permission Misconfiguration
Security Patch
Unable to log in to the application on Server B
Application on Server B crashed unexpectedly
Slow database queries on Server B
Misconfiguration in the application settings on Server B
Expired software license causing application shutdown on Server B
Rolling back application update due to issues on Server B
Unable to log in to the application on Server B
Service on Server B experiencing slowness
B
B
B
B
B
B
Unable to log in to the application on Server B
Faulty network switch affecting Server B connectivity
User unable to log in due to account lockout on Server B
Applying patches to fix service-specific bugs on Server B
Issues with storing backups due to limited storage on Server B
2023-09-06 12:40:30
Users unable to access specific files on Server B
Upgrading RAM on Server B for better performance
Authentication Failure
Storage Capacity
Permission Misconfiguration
Network Hardware Issue
B
B
B
B
B
Applying patches to fix service-specific bugs on Server B
Database table corruption detected on Server B
Authentication Failure
Security Patch
Expired software license causing application shutdown on Server B
Rolling back application update due to issues on Server B
Faulty network switch affecting Server B connectivity
Applying security patches to mitigate vulnerabilities on Server B
Unable to log in to the application on Server B
Faulty network switch affecting Server B connectivity
Upgrading RAM on Server B for better performance
Faulty network switch affecting Server B connectivity
Expired software license causing application shutdown on Server B
Applying patches to fix service-specific bugs on Server B
B
B
Application on Server B crashed unexpectedly
Unable to log in to the application on Server B
Users unable to access specific files on Server B
2023-08-03 08:55:11
2023-08-21 14:33:09
2023-08-25 16:05:38
2023-09-14 10:05:19
Network Hardware Issue
Hardware Upgrade
B
Unable to log in to the application on Server B
The application on Server B crashed unexpectedly
Application on Server B crashed unexpectedly
Upgrading RAM on Server B for better performance
Rolling back application update due to issues on Server B
2023-08-01 11:45:22
2023-08-06 12:05:15
Database table corruption detected on Server B
Misconfiguration in the application settings on Server B
Database Corruption
Application on Server B crashed unexpectedly
Expired software license causing application shutdown on Server B
Server B experienced a hardware failure
Service on Server B experiencing slowness
B
B
B
Unable to log in to the application on Server B
Configuring spam filters to reduce email spam on Server B
Disk space running low on Server B
User access permissions not being applied correctly on Server B
Rolling back application update due to issues on Server B
Issues with storing backups due to limited storage on Server B
2023-08-06 12:05:15
2023-08-25 16:05:38
2023-08-29 12:15:17
2023-08-31 09:40:45
2023-09-14 10:05:19
Issues with storing backups due to limited storage on Server B
Incident
Application Crash
Software Crash
Software Conflict
Security Audit
B
B
Conflict between two applications causing instability on Server B
Database table corruption detected on Server B
Description
Incident
Application Configuration
Configuring spam filters to reduce email spam on Server B
Adjusting user permissions based on role changes on Server B
The application on Server B crashed unexpectedly
Disk space running low on Server B
Conflict between two applications causing instability on Server B
Service on Server B experiencing slowness
Configuring spam filters to reduce email spam on Server B
B
B
Application on Server B crashed unexpectedly
Service on Server B experiencing slowness
Expired software license causing application shutdown on Server B
Software Crash
Database Performance
B
B
Slow database queries on Server B
Applying patches to fix service-specific bugs on Server B
Storage Capacity
Application on Server B crashed unexpectedly
Faulty network switch affecting Server B connectivity
Database table corruption detected on Server B
Upgrading RAM on Server B for better performance
Unable to log in to the application on Server B
Slow database queries on Server B
User unable to log in due to account lockout on Server B
Upgrading RAM on Server B for better performance
Issues with storing backups due to limited storage on Server B
B
B
B
B
B
Faulty network switch affecting Server B connectivity
Adjusting user permissions based on role changes on Server B
Description
Users unable to access specific files on Server B
Faulty network switch affecting Server B connectivity
Service on Server B experiencing slowness
2023-08-08 09:27:37
2023-08-11 18:20:48
2023-08-13 14:48:55
2023-08-25 16:05:38
2023-08-27 14:52:40
2023-09-04 08:15:52
Application on Server B crashed unexpectedly
Applying security patches to mitigate vulnerabilities on Server B
Service on Server B experiencing slowness
Issues with storing backups due to limited storage on Server B
Hardware Failure
Software Crash
Security Audit
B
B
B
Faulty network switch affecting Server B connectivity
Conflict between two applications causing instability on Server B
Applying security patches to mitigate vulnerabilities on Server B
The application on Server B crashed unexpectedly
User access permissions not being applied correctly on Server B
2023-08-01 11:45:22
2023-08-06 12:05:15
2023-08-08 09:27:37
2023-08-31 09:40:45
2023-09-02 10:02:38
User access permissions not being applied correctly on Server B
Database Performance
User Account Issue
Software Conflict
User access permissions not being applied correctly on Server B
Upgrading RAM on Server B for better performance
The application on Server B crashed unexpectedly
Users unable to access specific files on Server B
Upgrading RAM on Server B for better performance
Configuring spam filters to reduce email spam on Server B
Upgrading RAM on Server B for better performance
Rolling back application update due to issues on Server B
B
B
B
Database table corruption detected on Server B
Users unable to access specific files on Server B
Applying security patches to mitigate vulnerabilities on Server B
Configuring spam filters to reduce email spam on Server B
User Access
Service Performance
Hardware Upgrade
B
B
B
Unable to log in to the application on Server B
Disk space running low on Server B
Slow database queries on Server B
Users unable to access specific files on Server B
Upgrading RAM on Server B for better performance
Adjusting user permissions based on role changes on Server B
Unable to log in to the application on Server B
Service on Server B experiencing slowness
Incident
Application on Server B crashed unexpectedly
Misconfiguration in the application settings on Server B
Applying patches to fix service-specific bugs on Server B
Issues with storing backups due to limited storage on Server B
Configuring spam filters to reduce email spam on Server B
Adjusting user permissions based on role changes on Server B
The application on Server B crashed unexpectedly
Disk space running low on Server B
Expired software license causing application shutdown on Server B
Application on Server B crashed unexpectedly
Slow database queries on Server B
Service on Server B experiencing slowness
Application on Server B crashed unexpectedly
Misconfiguration in the application settings on Server B
Service on Server B experiencing slowness
Configuring spam filters to reduce email spam on Server B
B
Database table corruption detected on Server B
User unable to log in due to account lockout on Server B
Rolling back application update due to issues on Server B
Configuring spam filters to reduce email spam on Server B
Rolling back application update due to issues on Server B
Application on Server B crashed unexpectedly
Database Corruption
B
B
Slow database queries on Server B
Users unable to access specific files on Server B
Conflict between two applications causing instability on Server B
Applying patches to fix service-specific bugs on Server B
Expired software license causing application shutdown on Server B
2023-08-15 15:10:05
2023-09-14 10:05:19
2023-09-16 09:22:45
Database table corruption detected on Server B
Security Patch
Service Patching
Description
Database table corruption detected on Server B
Application on Server B crashed unexpectedly
Conflict between two applications causing instability on Server B
The application on Server B crashed unexpectedly
Slow database queries on Server B
Upgrading RAM on Server B for better performance
Configuring spam filters to reduce email spam on Server B
Description
Service on Server B experiencing slowness
Issues with storing backups due to limited storage on Server B
Adjusting user permissions based on role changes on Server B
Disk space running low on Server B
Service on Server B experiencing slowness
Issues with storing backups due to limited storage on Server B
B
B
B
Issues with storing backups due to limited storage on Server B
Expired software license causing application shutdown on Server B
Issues with storing backups due to limited storage on Server B
Service on Server B experiencing slowness
Configuring spam filters to reduce email spam on Server B
Hardware Failure
Software Crash
B
Application on Server B crashed unexpectedly
Users unable to access specific files on Server B
2023-08-13 14:48:55
2023-09-06 12:40:30
Unable to log in to the application on Server B
Adjusting user permissions based on role changes on Server B
The application on Server B crashed unexpectedly
User access permissions not being applied correctly on Server B
Expired software license causing application shutdown on Server B
Rolling back application update due to issues on Server B
Misconfiguration in the application settings on Server B
Service on Server B experiencing slowness
B
B
B
B
The application on Server B crashed unexpectedly
Application on Server B crashed unexpectedly
Users unable to access specific files on Server B
Faulty network switch affecting Server B connectivity
User unable to log in due to account lockout on Server B
Applying security patches to mitigate vulnerabilities on Server B
2023-08-15 15:10:05
2023-08-19 11:30:15
2023-09-08 09:33:45
Users unable to access specific files on Server B
Faulty network switch affecting Server B connectivity
Rolling back application update due to issues on Server B
Issues with storing backups due to limited storage on Server B
Storage Capacity
Service Performance
Email Spam Filter
B
Expired software license causing application shutdown on Server B
2023-08-03 08:55:11
2023-08-31 09:40:45
Users unable to access specific files on Server B
Conflict between two applications causing instability on Server B
Upgrading RAM on Server B for better performance
Storage Capacity
Email Spam Filter
Conflict between two applications causing instability on Server B
Expired software license causing application shutdown on Server B
Disk space running low on Server B
Applying security patches to mitigate vulnerabilities on Server B
Upgrading RAM on Server B for better performance
Misconfiguration in the application settings on Server B
Applying patches to fix service-specific bugs on Server B
B
B
Upgrading RAM on Server B for better performance
2023-08-11 18:20:48
2023-08-25 16:05:38
2023-09-14 10:05:19
Database Corruption
Software Licensing
Hardware Upgrade
B
B
B
B
B
Upgrading RAM on Server B for better performance
Rolling back application update due to issues on Server B
The application on Server B crashed unexpectedly
2023-08-11 18:20:48
2023-08-27 14:52:40
Network Hardware Issue
Service on Server B experiencing slowness
Issues with storing backups due to limited storage on Server B
Service on Server B experiencing slowness
Service on Server B experiencing slowness
User unable to log in due to account lockout on Server B
The application on Server B crashed unexpectedly
User access permissions not being applied correctly on Server B
2023-08-21 14:33:09
2023-08-25 16:05:38
Application on Server B crashed unexpectedly
Service on Server B experiencing slowness
Database Corruption
Service Patching
Expired software license causing application shutdown on Server B
2023-08-11 18:20:48
2023-09-06 12:40:30
Upgrading RAM on Server B for better performance
User Access
Slow database queries on Server B
Unable to log in to the application on Server B
Service on Server B experiencing slowness
B
Unable to log in to the application on Server B
Applying patches to fix service-specific bugs on Server B
2023-09-14 10:05:19
Permission Misconfiguration
Network Hardware Issue
B
User access permissions not being applied correctly on Server B
Service on Server B experiencing slowness
Database Corruption
Service Patching
Description
Issues with storing backups due to limited storage on Server B
Configuring spam filters to reduce email spam on Server B
Expired software license causing application shutdown on Server B
Configuring spam filters to reduce email spam on Server B
Misconfiguration in the application settings on Server B
Service on Server B experiencing slowness
B
B
B
The application on Server B crashed unexpectedly
Conflict between two applications causing instability on Server B
Rolling back application update due to issues on Server B
Description
The application on Server B crashed unexpectedly
Unable to log in to the application on Server B
Application on Server B crashed unexpectedly
Service on Server B experiencing slowness
2023-08-25 16:05:38
2023-09-04 08:15:52
Description
Upgrading RAM on Server B for better performance
Issues with storing backups due to limited storage on Server B
Application Crash
Security Patch
Software Licensing
User Permissions
B
B
Upgrading RAM on Server B for better performance
Server B experienced a hardware failure
Time
2023-08-29 12:15:17
Issues with storing backups due to limited storage on Server B
Service Patching
Description
Upgrading RAM on Server B for better performance
Issues with storing backups due to limited storage on Server B
Misconfiguration in the application settings on Server B
User unable to log in due to account lockout on Server B
Expired software license causing application shutdown on Server B
Rolling back application update due to issues on Server B
The application on Server B crashed unexpectedly
Database table corruption detected on Server B
Unable to log in to the application on Server B
Faulty network switch affecting Server B connectivity
Misconfiguration in the application settings on Server B
Expired software license causing application shutdown on Server B
Application on Server B crashed unexpectedly
Application on Server B crashed unexpectedly
2023-08-13 14:48:55
2023-08-31 09:40:45
2023-09-14 10:05:19
User unable to log in due to account lockout on Server B
Conflict between two applications causing instability on Server B
User access permissions not being applied correctly on Server B
Configuring spam filters to reduce email spam on Server B
Application Crash
User Permissions
User access permissions not being applied correctly on Server B
Expired software license causing application shutdown on Server B
Applying patches to fix service-specific bugs on Server B
Unable to log in to the application on Server B
Server B experienced a hardware failure
Users unable to access specific files on Server B
Users unable to access specific files on Server B
Storage Capacity
Permission Misconfiguration
Security Patch
Service Performance
Service Patching
Configuring spam filters to reduce email spam on Server B
Database table corruption detected on Server B
Disk space running low on Server B
Expired software license causing application shutdown on Server B
B
B
Users unable to access specific files on Server B
User unable to log in due to account lockout on Server B
User access permissions not being applied correctly on Server B
Configuring spam filters to reduce email spam on Server B
2023-08-25 16:05:38
Database table corruption detected on Server B
Applying security patches to mitigate vulnerabilities on Server B
Software Conflict
B
B
B
B
B
User access permissions not being applied correctly on Server B
Upgrading RAM on Server B for better performance
Applying patches to fix service-specific bugs on Server B
2023-08-31 09:40:45
Conflict between two applications causing instability on Server B
Configuring spam filters to reduce email spam on Server B
Incident
User Access
Software Licensing
Issues with storing backups due to limited storage on Server B
The application on Server B crashed unexpectedly
Application on Server B crashed unexpectedly
Configuring spam filters to reduce email spam on Server B
B
Adjusting user permissions based on role changes on Server B
Applying patches to fix service-specific bugs on Server B
Rolling back application update due to issues on Server B
2023-08-15 15:10:05
Description
Application on Server B crashed unexpectedly
Service on Server B experiencing slowness
B
Users unable to access specific files on Server B
Application Crash
Permission Misconfiguration
Service Patching
Database table corruption detected on Server B
Service on Server B experiencing slowness
B
B
B
Expired software license causing application shutdown on Server B
Disk space running low on Server B
User access permissions not being applied correctly on Server B
2023-08-15 15:10:05
2023-08-25 16:05:38
2023-09-16 09:22:45
Rolling back application update due to issues on Server B
Service Patching
B
B
Applying security patches to mitigate vulnerabilities on Server B
Upgrading RAM on Server B for better performance
User access permissions not being applied correctly on Server B
2023-08-11 18:20:48
2023-08-21 14:33:09
Application Crash
Permission Misconfiguration
Security Patch
Database table corruption detected on Server B
Disk space running low on Server B
Server B experienced a hardware failure
Rolling back application update due to issues on Server B
Adjusting user permissions based on role changes on Server B
Faulty network switch affecting Server B connectivity
User access permissions not being applied correctly on Server B
Faulty network switch affecting Server B connectivity
Conducting a security audit to identify vulnerabilities on Server B
Adjusting user permissions based on role changes on Server B
Server B experienced a hardware failure
B
B
B
Rolling back application update due to issues on Server B
Unable to log in to the application on Server B
2023-08-08 09:27:37
User access permissions not being applied correctly on Server B
Software Crash
B
B
Database table corruption detected on Server B
Upgrading RAM on Server B for better performance
Server B experienced a hardware failure
Upgrading RAM on Server B for better performance
2023-08-23 15:27:55
2023-08-29 12:15:17
Database table corruption detected on Server B
Network Hardware Issue
Application on Server B crashed unexpectedly
Server B experienced a hardware failure
Service on Server B experiencing slowness
Applying patches to fix service-specific bugs on Server B
Configuring spam filters to reduce email spam on Server B
B
B
B
Slow database queries on Server B
User unable to log in due to account lockout on Server B
Applying security patches to mitigate vulnerabilities on Server B
User access permissions not being applied correctly on Server B
Adjusting user permissions based on role changes on Server B
Database table corruption detected on Server B
Disk space running low on Server B
User access permissions not being applied correctly on Server B
2023-08-19 11:30:15
2023-08-21 14:33:09
Applying security patches to mitigate vulnerabilities on Server B
Upgrading RAM on Server B for better performance
Service Patching
B
Unable to log in to the application on Server B
Expired software license causing application shutdown on Server B
Issues with storing backups due to limited storage on Server B
Database table corruption detected on Server B
Application on Server B crashed unexpectedly
Description
Issues with storing backups due to limited storage on Server B
Configuring spam filters to reduce email spam on Server B
Incident
Database Performance
Rolling back application update due to issues on Server B
Adjusting user permissions based on role changes on Server B
User access permissions not being applied correctly on Server B
Applying patches to fix service-specific bugs on Server B
B
2023-08-31 09:40:45
Database Performance
Permission Misconfiguration
Service Patching
B
Slow database queries on Server B
2023-09-04 08:15:52
Security Audit
Service Patching
User Permissions
Rolling back application update due to issues on Server B
Application on Server B crashed unexpectedly
B
Server B experienced a hardware failure
Users unable to access specific files on Server B
Applying patches to fix service-specific bugs on Server B
The application on Server B crashed unexpectedly
2023-08-08 09:27:37
2023-08-23 15:27:55
2023-08-27 14:52:40
2023-09-14 10:05:19
Description
Slow database queries on Server B
Faulty network switch affecting Server B connectivity
B
Database table corruption detected on Server B
Disk space running low on Server B
Service on Server B experiencing slowness
Applying patches to fix service-specific bugs on Server B
2023-08-11 18:20:48
2023-08-19 11:30:15
User unable to log in due to account lockout on Server B
Database Corruption
Database Performance
User Permissions
Service on Server B experiencing slowness
Upgrading RAM on Server B for better performance
Rolling back application update due to issues on Server B
Description
Disk space running low on Server B
Conflict between two applications causing instability on Server B
Rolling back application update due to issues on Server B
Expired software license causing application shutdown on Server B
Upgrading RAM on Server B for better performance
Configuring spam filters to reduce email spam on Server B
B
B
Rolling back application update due to issues on Server B
Applying patches to fix service-specific bugs on Server B
2023-08-01 11:45:22
Application on Server B crashed unexpectedly
Users unable to access specific files on Server B
Permission Misconfiguration
Security Audit
B
B
B
Disk space running low on Server B
Slow database queries on Server B
2023-08-27 14:52:40
Application on Server B crashed unexpectedly
Users unable to access specific files on Server B
Issues with storing backups due to limited storage on Server B
Database Corruption
Authentication Failure
Storage Capacity
Network Hardware Issue
Security Audit
Expired software license causing application shutdown on Server B
Unable to log in to the application on Server B
User access permissions not being applied correctly on Server B
Expired software license causing application shutdown on Server B
Upgrading RAM on Server B for better performance
Issues with storing backups due to limited storage on Server B
Faulty network switch affecting Server B connectivity
Service on Server B experiencing slowness
Slow database queries on Server B
User unable to log in due to account lockout on Server B
Issues with storing backups due to limited storage on Server B
B
User unable to log in due to account lockout on Server B
Unable to log in to the application on Server B
2023-08-01 11:45:22
2023-08-21 14:33:09
2023-09-16 09:22:45
Hardware Failure
B
B
B
B
Conflict between two applications causing instability on Server B
User access permissions not being applied correctly on Server B
Database table corruption detected on Server B
Server B experienced a hardware failure
User access permissions not being applied correctly on Server B
Time
2023-08-01 11:45:22
2023-08-06 12:05:15
2023-08-31 09:40:45
User access permissions not being applied correctly on Server B
Configuring spam filters to reduce email spam on Server B
Description
Unable to log in to the application on Server B
Applying patches to fix service-specific bugs on Server B
Configuring spam filters to reduce email spam on Server B
The application on Server B crashed unexpectedly
Misconfiguration in the application settings on Server B
Service on Server B experiencing slowness
B
B
B
Users unable to access specific files on Server B
Unable to log in to the application on Server B
Upgrading RAM on Server B for better performance
Hardware Failure
Network Hardware Issue
Service Performance
2023-08-13 14:48:55
Description
Misconfiguration in the application settings on Server B
Rolling back application update due to issues on Server B
Database table corruption detected on Server B
Application on Server B crashed unexpectedly
Service on Server B experiencing slowness
B
B
Upgrading RAM on Server B for better performance
2023-08-03 08:55:11
2023-08-27 14:52:40
Incident
Hardware Upgrade
Server
B
B
B
Database table corruption detected on Server B
Application on Server B crashed unexpectedly
2023-08-13 14:48:55
Conflict between two applications causing instability on Server B
Application on Server B crashed unexpectedly
Upgrading RAM on Server B for better performance
Unable to log in to the application on Server B
Conducting a security audit to identify vulnerabilities on Server B
Description
Issues with storing backups due to limited storage on Server B
Unable to log in to the application on Server B
Server B experienced a hardware failure
2023-08-31 09:40:45
Applying security patches to mitigate vulnerabilities on Server B
Upgrading RAM on Server B for better performance
B
B
Service on Server B experiencing slowness
Time
2023-08-11 18:20:48
2023-08-29 12:15:17
Adjusting user permissions based on role changes on Server B
Unable to log in to the application on Server B
Slow database queries on Server B
Adjusting user permissions based on role changes on Server B
Database table corruption detected on Server B
Server B experienced a hardware failure
Application on Server B crashed unexpectedly
User access permissions not being applied correctly on Server B
2023-08-25 16:05:38
Service Patching
B
B
Expired software license causing application shutdown on Server B
2023-08-11 18:20:48
2023-09-06 12:40:30
Description
Conflict between two applications causing instability on Server B
Rolling back application update due to issues on Server B
Storage Capacity
Application Configuration
Slow database queries on Server B
Configuring spam filters to reduce email spam on Server B
Users unable to access specific files on Server B
Service on Server B experiencing slowness
Applying patches to fix service-specific bugs on Server B
Rolling back application update due to issues on Server B
Description
Adjusting user permissions based on role changes on Server B
B
Adjusting user permissions based on role changes on Server B
Unable to log in to the application on Server B
Upgrading RAM on Server B for better performance
Adjusting user permissions based on role changes on Server B
B
B
B
B
User access permissions not being applied correctly on Server B
User access permissions not being applied correctly on Server B
Storage Capacity
Permission Misconfiguration
Service Patching
Slow database queries on Server B
Configuring spam filters to reduce email spam on Server B
